state,date,precip,max_temp,min_temp,wind_speed
alabama,2010,2.8657534246575342,12.597260273972603,6.221917808219178,15.852054794520548
alabama,2011,3.7852054794520544,12.254794520547945,5.950684931506849,15.698630136986301
alabama,2012,2.7428961748633878,13.729508196721312,7.215846994535519,15.639344262295081
alabama,2013,3.286575342465753,11.915068493150685,5.3863013698630136,16.268493150684932
alabama,2014,3.1095890410958904,11.084931506849315,4.328767123287672,16.34246575342466
alabama,2015,2.6306849315068495,11.956164383561644,5.241095890410959,15.906849315068493
alabama,2016,2.528142076502732,13.295081967213115,6.7103825136612025,16.437158469945356
alabama,2017,3.378082191780822,12.526027397260274,6.4301369863013695,16.945205479452056
alabama,2018,3.5071232876712326,12.556164383561644,6.47945205479452,17.783561643835615
alabama,2019,3.3169863013698633,11.838356164383562,5.4520547945205475,15.482191780821918
alabama,2020,2.9614754098360656,13.005464480874316,5.89344262295082,15.73224043715847
alabama,2021,3.3153424657534245,13.501369863013698,6.306849315068493,15.219178082191782
alabama,2022,2.706027397260274,13.473972602739726,5.043835616438356,15.90958904109589
alabama,2023,4.062921348314607,3.7191011235955056,-3.101123595505618,17.95505617977528
alaska,2010,6.495342465753425,28.16986301369863,17.232876712328768,5.846575342465753
alaska,2011,6.390410958904109,29.035616438356165,17.567123287671233,4.898630136986301
alaska,2012,3.889890710382514,29.379781420765028,17.497267759562842,4.770491803278689
alaska,2013,4.333698630136986,29.345205479452055,17.832876712328765,4.8
alaska,2014,4.174794520547945,28.98904109589041,17.446575342465753,4.7972602739726025
alaska,2015,3.078904109589041,29.934246575342467,18.205479452054796,3.7424657534246575
alaska,2016,2.7098360655737705,30.114754098360656,18.098360655737704,3.860655737704918
alaska,2017,3.431232876712329,29.827397260273973,18.01095890410959,3.9232876712328766
alaska,2018,2.5947945205479455,29.8,18.54794520547945,4.564383561643836
alaska,2019,3.196986301369863,29.882191780821916,18.745205479452054,6.30958904109589
alaska,2020,3.8456284153005464,28.92349726775956,18.887978142076502,6.756830601092896
alaska,2021,2.836164383561644,29.164383561643834,18.44931506849315,6.1726027397260275
alaska,2022,3.9756164383561643,29.26027397260274,17.96164383561644,6.345205479452055
alaska,2023,0.5449438202247191,32.10112359550562,16.471910112359552,7.179775280898877
arizona,2010,6.738904109589041,29.53150684931507,19.854794520547944,6.161643835616438
arizona,2011,6.976438356164384,29.578082191780823,20.016438356164382,5.676712328767123
arizona,2012,6.103825136612022,29.418032786885245,20.038251366120218,5.565573770491803
arizona,2013,7.615068493150685,29.975342465753425,20.386301369863013,5.526027397260274
arizona,2014,7.230958904109589,29.59178082191781,20.304109589041097,5.597260273972603
arizona,2015,6.824109589041097,30.2986301369863,20.123287671232877,5.635616438356164
arizona,2016,6.522950819672132,30.469945355191257,19.961748633879782,5.387978142076503
arizona,2017,7.53041095890411,30.92876712328767,20.112328767123287,4.835616438356165
arizona,2018,5.949041095890411,30.61917808219178,20.276712328767122,4.36986301369863
arizona,2019,4.444109589041096,31.50958904109589,20.764383561643836,5.3342465753424655
arizona,2020,7.960655737704918,30.885245901639344,20.827868852459016,5.0136612021857925
arizona,2021,5.770958904109589,30.89041095890411,20.476712328767125,5.16986301369863
arizona,2022,7.131780821917808,30.336986301369862,20.18904109589041,4.876712328767123
arizona,2023,2.8887640449438203,32.157303370786515,17.89887640449438,5.370786516853933
arkansas,2010,2.444109589041096,19.898630136986302,9.597260273972603,15.495890410958904
arkansas,2011,2.1394520547945204,20.24109589041096,9.802739726027397,16.36986301369863
arkansas,2012,2.178415300546448,21.601092896174862,11.308743169398907,15.808743169398907
arkansas,2013,3.6257534246575345,18.684931506849313,8.534246575342467,15.63013698630137
arkansas,2014,2.0391780821917806,19.306849315068494,8.665753424657535,16.02191780821918
arkansas,2015,2.6895890410958905,20.76164383561644,10.504109589041096,17.26027397260274
arkansas,2016,2.865573770491803,21.133879781420767,11.226775956284152,16.849726775956285
arkansas,2017,3.266575342465753,20.873972602739727,10.684931506849315,17.101369863013698
arkansas,2018,2.846027397260274,20.13150684931507,9.838356164383562,17.21095890410959
arkansas,2019,4.097534246575342,19.153424657534245,9.53972602739726,17.002739726027396
arkansas,2020,2.6098360655737705,19.827868852459016,10.336065573770492,17.15573770491803
arkansas,2021,3.0235616438356163,20.578082191780823,10.761643835616438,17.86027397260274
arkansas,2022,2.2386301369863015,21.76164383561644,10.246575342465754,18.493150684931507
arkansas,2023,1.0348314606741573,12.258426966292134,1.1797752808988764,18.96629213483146
california,2010,0.8191780821917808,23.046575342465754,8.802739726027397,11.304109589041095
california,2011,0.31260273972602737,22.2986301369863,9.046575342465754,13.336986301369864
california,2012,0.1371584699453552,23.617486338797814,10.480874316939891,14.314207650273223
california,2013,0.12191780821917808,23.457534246575342,10.191780821917808,14.342465753424657
california,2014,0.2652054794520548,24.578082191780823,11.35068493150685,14.068493150684931
california,2015,0.2652054794520548,24.073972602739726,10.821917808219178,12.865753424657534
california,2016,0.3480874316939891,24.183060109289617,10.718579234972678,13.344262295081966
california,2017,0.40164383561643835,24.34794520547945,11.131506849315068,13.01917808219178
california,2018,0.3117808219178082,23.931506849315067,11.189041095890412,13.35890410958904
california,2019,0.7556164383561644,22.350684931506848,10.073972602739726,15.378082191780821
california,2020,0.37513661202185794,24.382513661202186,11.603825136612022,14.573770491803279
california,2021,0.24986301369863015,25.057534246575344,11.898630136986302,15.065753424657535
california,2022,0.20739726027397262,25.86849315068493,11.835616438356164,14.419178082191781
california,2023,1.8910112359550564,12.719101123595506,2.6853932584269664,15.539325842696629
colorado,2010,0.9953424657534247,17.397260273972602,2.3095890410958906,11.06027397260274
colorado,2011,1.2043835616438356,16.65205479452055,1.5917808219178082,12.227397260273973
colorado,2012,0.5540983606557377,18.19672131147541,3.5245901639344264,12.59016393442623
colorado,2013,0.9526027397260274,16.33150684931507,2.0657534246575344,11.906849315068493
colorado,2014,0.9394520547945204,16.5013698630137,2.328767123287671,12.101369863013698
colorado,2015,1.518904109589041,16.747945205479454,3.1726027397260275,10.564383561643835
colorado,2016,1.0866120218579234,17.404371584699454,3.139344262295082,10.688524590163935
colorado,2017,1.5265753424657535,17.632876712328766,3.536986301369863,11.07945205479452
colorado,2018,1.0268493150684932,17.427397260273974,3.791780821917808,10.991780821917809
colorado,2019,1.0213698630136987,16.372602739726027,2.5095890410958903,11.342465753424657
colorado,2020,0.7286885245901639,17.7103825136612,4.008196721311475,11.068306010928962
colorado,2021,1.2583561643835617,17.926027397260274,4.471232876712329,10.676712328767124
colorado,2022,1.0471232876712329,17.96712328767123,3.26027397260274,11.147945205479452
colorado,2023,0.755056179775281,7.337078651685394,-7.573033707865169,11.44943820224719
connecticut,2010,3.747945205479452,15.646575342465754,6.35068493150685,12.967123287671233
connecticut,2011,4.157808219178082,14.583561643835617,5.745205479452054,11.830136986301369
connecticut,2012,2.5942622950819674,15.808743169398907,6.915300546448087,11.734972677595628
connecticut,2013,3.0306849315068494,14.208219178082192,5.1945205479452055,12.224657534246575
connecticut,2014,2.9279452054794524,13.767123287671232,4.728767123287671,12.254794520547945
connecticut,2015,2.738904109589041,14.747945205479452,4.956164383561644,9.33972602739726
connecticut,2016,2.7795081967213116,15.565573770491802,6.193989071038251,9.349726775956285
connecticut,2017,3.456986301369863,14.975342465753425,6.019178082191781,9.413698630136986
connecticut,2018,4.328767123287672,15.052054794520547,6.394520547945206,9.534246575342467
connecticut,2019,3.9967123287671233,14.780821917808218,5.868493150684931,10.175342465753424
connecticut,2020,3.7150273224043717,16.215846994535518,7.715846994535519,10.404371584699453
connecticut,2021,3.5063013698630137,15.876712328767123,7.093150684931507,9.490410958904109
connecticut,2022,3.1871232876712328,16.56986301369863,6.2904109589041095,10.386301369863014
connecticut,2023,3.193258426966292,7.359550561797753,-1.0337078651685394,11.202247191011235
delaware,2010,2.5265753424657538,16.073972602739726,6.652054794520548,12.26027397260274
delaware,2011,4.453698630136986,15.663013698630136,6.942465753424657,12.6
delaware,2012,2.5530054644808744,17.005464480874316,7.819672131147541,12.459016393442623
delaware,2013,3.3597260273972602,15.052054794520547,6.109589041095891,12.572602739726028
delaware,2014,2.9115068493150686,14.471232876712328,5.027397260273973,12.476712328767123
delaware,2015,3.4583561643835616,15.835616438356164,6.865753424657535,13.53972602739726
delaware,2016,3.1721311475409837,16.5,7.743169398907104,13.092896174863387
delaware,2017,3.6,16.55068493150685,8.194520547945206,12.564383561643835
delaware,2018,4.709315068493151,16.205479452054796,8.139726027397261,11.621917808219179
delaware,2019,3.766849315068493,16.523287671232875,8.232876712328768,12.838356164383562
delaware,2020,3.4978142076502734,16.07377049180328,8.491803278688524,12.87431693989071
delaware,2021,3.3854794520547946,16.221917808219178,8.391780821917807,12.263013698630138
delaware,2022,3.016712328767123,16.30958904109589,7.046575342465753,12.772602739726027
delaware,2023,3.6146067415730334,8.865168539325843,0.1797752808988764,15.415730337078651
florida,2010,23.086027397260274,24.084931506849315,14.205479452054794,4.164383561643835
florida,2011,21.81753424657534,23.676712328767124,13.254794520547945,4.416438356164384
florida,2012,16.171584699453554,24.37431693989071,13.366120218579235,4.5109289617486334
florida,2013,16.415890410958905,24.726027397260275,13.638356164383561,4.63013698630137
florida,2014,13.200547945205479,24.904109589041095,13.854794520547944,4.701369863013698
florida,2015,11.762739726027396,25.101369863013698,13.978082191780821,4.375342465753425
florida,2016,12.77103825136612,25.024590163934427,14.28415300546448,4.087431693989071
florida,2017,11.564931506849314,25.063013698630137,14.09041095890411,4.421917808219178
florida,2018,11.447123287671232,25.019178082191782,14.73972602739726,4.695890410958904
florida,2019,9.349315068493151,25.208219178082192,15.175342465753424,4.846575342465753
florida,2020,13.455464480874316,23.863387978142075,15.765027322404372,4.472677595628415
florida,2021,13.092054794520548,23.63013698630137,15.210958904109589,4.994520547945205
florida,2022,12.691780821917808,23.293150684931508,14.931506849315069,4.83013698630137
florida,2023,12.712359550561798,23.98876404494382,12.752808988764045,5.48314606741573
georgia,2010,1.7164383561643837,18.91780821917808,8.945205479452055,6.652054794520548
georgia,2011,1.7802739726027397,16.12876712328767,7.134246575342465,6.673972602739726
georgia,2012,1.2153005464480875,17.62295081967213,7.833333333333333,6.579234972677596
georgia,2013,1.1334246575342466,18.073972602739726,7.67945205479452,6.7972602739726025
georgia,2014,1.2372602739726029,18.246575342465754,8.235616438356164,6.586301369863014
georgia,2015,1.2668493150684932,19.246575342465754,9.506849315068493,8.452054794520548
georgia,2016,1.3398907103825135,18.969945355191257,8.745901639344263,8.306010928961749
georgia,2017,0.9252054794520548,19.71232876712329,9.134246575342466,8.271232876712329
georgia,2018,1.1526027397260274,20.484931506849314,10.638356164383561,7.810958904109589
georgia,2019,0.836986301369863,20.12054794520548,9.72054794520548,8.07123287671233
georgia,2020,1.089344262295082,19.15573770491803,9.683060109289617,7.6502732240437155
georgia,2021,0.992054794520548,19.854794520547944,9.72054794520548,7.934246575342466
georgia,2022,0.9654794520547945,20.13150684931507,9.306849315068494,8.575342465753424
georgia,2023,1.3494382022471911,10.112359550561798,1.4269662921348314,7.258426966292135
hawaii,2010,1.8010958904109589,22.21095890410959,13.04109589041096,8.901369863013699
hawaii,2011,0.9021917808219179,21.97808219178082,13.24931506849315,7.964383561643835
hawaii,2012,0.4792349726775956,22.991803278688526,14.202185792349727,7.800546448087432
hawaii,2013,0.24904109589041099,23.323287671232876,14.197260273972603,7.684931506849315
hawaii,2014,0.6887671232876712,24.232876712328768,15.471232876712328,7.608219178082192
hawaii,2015,0.40739726027397255,24.695890410958903,15.482191780821918,7.449315068493151
hawaii,2016,0.7571038251366121,24.06830601092896,15.21584699453552,7.434426229508197
hawaii,2017,0.9027397260273973,24.638356164383563,16.317808219178083,7.317808219178082
hawaii,2018,0.686027397260274,24.621917808219177,16.742465753424657,7.558904109589041
hawaii,2019,1.6805479452054795,23.22739726027397,15.586301369863014,8.846575342465753
hawaii,2020,0.6674863387978143,25.092896174863387,16.724043715846996,8.89344262295082
hawaii,2021,0.6895890410958904,24.21095890410959,15.66027397260274,9.438356164383562
hawaii,2022,0.5265753424657534,24.78082191780822,15.23013698630137,9.2986301369863
hawaii,2023,4.991011235955056,17.292134831460675,8.9438202247191,10.02247191011236
idaho,2010,1.0161643835616438,12.191780821917808,1.4219178082191781,10.024657534246575
idaho,2011,0.8928767123287671,11.654794520547945,1.6904109589041096,11.915068493150685
idaho,2012,0.768032786885246,14.3551912568306,3.877049180327869,12.726775956284152
idaho,2013,0.4780821917808219,12.70958904109589,1.8602739726027397,11.780821917808218
idaho,2014,0.9610958904109589,13.706849315068494,3.0657534246575344,12.953424657534246
idaho,2015,0.852054794520548,14.443835616438356,3.8438356164383563,11.567123287671233
idaho,2016,1.110928961748634,13.62568306010929,2.819672131147541,12.360655737704919
idaho,2017,1.053972602739726,13.145205479452056,2.797260273972603,12.704109589041096
idaho,2018,0.7695890410958903,13.586301369863014,3.4575342465753423,12.698630136986301
idaho,2019,0.8857534246575343,12.027397260273972,1.9643835616438357,12.36986301369863
idaho,2020,0.6980874316939891,13.467213114754099,2.7540983606557377,12.8551912568306
idaho,2021,0.8328767123287671,14.495890410958904,3.326027397260274,12.158904109589042
idaho,2022,0.8838356164383562,13.443835616438356,0.958904109589041,11.43013698630137
idaho,2023,2.0168539325842696,-0.7078651685393258,-10.52808988764045,9.674157303370787
illinois,2010,3.3704109589041096,15.334246575342465,6.397260273972603,13.904109589041095
illinois,2011,2.6213698630136983,14.8,6.304109589041096,14.263013698630138
illinois,2012,1.9560109289617487,16.904371584699454,7.7650273224043715,14.136612021857923
illinois,2013,2.8953424657534246,14.189041095890412,5.120547945205479,14.26849315068493
illinois,2014,2.5876712328767124,13.334246575342465,4.158904109589041,14.531506849315068
illinois,2015,3.335616438356164,15.482191780821918,6.435616438356164,16.336986301369862
illinois,2016,2.3961748633879782,16.103825136612024,7.60655737704918,15.379781420765028
illinois,2017,2.8778082191780823,16.065753424657533,7.208219178082191,14.953424657534246
illinois,2018,3.4904109589041097,14.843835616438357,6.265753424657534,14.098630136986301
illinois,2019,3.4665753424657533,14.26027397260274,5.745205479452054,14.616438356164384
illinois,2020,2.9806010928961753,14.898907103825136,6.688524590163935,14.797814207650273
illinois,2021,2.903561643835616,15.438356164383562,7.090410958904109,14.868493150684932
illinois,2022,2.21013698630137,15.704109589041096,5.723287671232876,16.005479452054793
illinois,2023,3.0696629213483146,5.50561797752809,-2.8876404494382024,17.10112359550562
indiana,2010,2.755068493150685,16.646575342465752,7.235616438356164,12.30958904109589
indiana,2011,4.1498630136986305,15.991780821917809,7.506849315068493,12.778082191780822
indiana,2012,2.518032786885246,17.382513661202186,8.40983606557377,12.620218579234972
indiana,2013,3.2901369863013703,15.33972602739726,6.545205479452055,12.687671232876712
indiana,2014,2.9545205479452057,14.66027397260274,5.331506849315068,12.580821917808219
indiana,2015,3.4347945205479453,16.134246575342466,7.419178082191781,14.213698630136987
indiana,2016,3.1060109289617484,16.73224043715847,8.273224043715848,13.562841530054644
indiana,2017,3.2591780821917804,16.654794520547945,8.246575342465754,13.438356164383562
indiana,2018,4.077260273972603,16.052054794520547,7.7753424657534245,13.038356164383561
indiana,2019,3.6887671232876715,15.871232876712329,7.528767123287671,13.183561643835617
indiana,2020,3.1204918032786884,16.75409836065574,9.013661202185792,12.636612021857923
indiana,2021,3.272328767123288,16.706849315068492,8.917808219178083,12.128767123287671
indiana,2022,2.9835616438356163,17.101369863013698,7.846575342465753,12.64931506849315
indiana,2023,4.310112359550562,9.0561797752809,0.5730337078651685,14.651685393258427
iowa,2010,3.666301369863014,14.846575342465753,5.789041095890411,13.972602739726028
iowa,2011,2.686301369863014,14.506849315068493,5.676712328767123,14.517808219178082
iowa,2012,2.0292349726775956,16.756830601092897,7.243169398907104,14.40983606557377
iowa,2013,3.035890410958904,13.756164383561643,4.663013698630137,14.495890410958904
iowa,2014,2.881643835616438,12.868493150684932,3.66027397260274,14.756164383561643
iowa,2015,3.6249315068493146,15.326027397260274,6.027397260273973,16.5013698630137
iowa,2016,2.6133879781420766,15.83879781420765,7.163934426229508,15.53825136612022
iowa,2017,2.7167123287671235,15.789041095890411,6.942465753424657,15.263013698630138
iowa,2018,3.604931506849315,14.495890410958904,5.843835616438356,14.254794520547945
iowa,2019,3.398082191780822,13.786301369863013,5.054794520547945,14.66027397260274
iowa,2020,2.797814207650273,14.642076502732241,6.262295081967213,14.691256830601093
iowa,2021,2.681917808219178,15.4,6.583561643835616,14.884931506849314
iowa,2022,2.278082191780822,15.583561643835617,5.068493150684931,16.202739726027396
iowa,2023,2.8157303370786515,4.49438202247191,-4.022471910112359,16.741573033707866
kansas,2010,3.4701369863013696,17.24109589041096,7.882191780821918,12.835616438356164
kansas,2011,2.747123287671233,17.21095890410959,7.923287671232877,13.413698630136986
kansas,2012,2.359016393442623,19.461748633879782,9.849726775956285,13.37431693989071
kansas,2013,2.84,16.624657534246577,6.986301369863014,13.238356164383562
kansas,2014,2.9665753424657533,16.40821917808219,6.646575342465753,13.158904109589042
kansas,2015,3.3054794520547945,18.504109589041096,8.723287671232876,14.509589041095891
kansas,2016,2.8852459016393444,18.808743169398905,9.565573770491802,14.16120218579235
kansas,2017,3.0753424657534247,18.6,9.446575342465753,13.712328767123287
kansas,2018,3.142739726027397,17.882191780821916,8.816438356164383,12.638356164383561
kansas,2019,4.026301369863013,16.936986301369863,8.12054794520548,13.947945205479453
kansas,2020,2.9789617486338797,17.456284153005466,8.934426229508198,14.204918032786885
kansas,2021,3.1032876712328767,18.465753424657535,9.490410958904109,14.758904109589041
kansas,2022,2.856438356164383,19.145205479452056,8.175342465753424,15.208219178082192
kansas,2023,2.6528089887640447,9.247191011235955,-0.6629213483146067,16.202247191011235
kentucky,2010,0.18876712328767126,27.339726027397262,13.106849315068493,13.243835616438357
kentucky,2011,0.5202739726027398,25.876712328767123,13.227397260273973,13.676712328767124
kentucky,2012,0.36366120218579234,25.918032786885245,13.360655737704919,14.10655737704918
kentucky,2013,0.21205479452054793,26.304109589041097,13.383561643835616,14.64109589041096
kentucky,2014,0.23643835616438355,26.2986301369863,13.673972602739726,14.64109589041096
kentucky,2015,0.1567123287671233,27.016438356164382,14.002739726027396,13.931506849315069
kentucky,2016,0.2494535519125683,27.314207650273225,14.21311475409836,14.5
kentucky,2017,0.12164383561643835,27.81095890410959,14.386301369863014,14.438356164383562
kentucky,2018,0.16794520547945205,26.95068493150685,13.567123287671233,14.550684931506849
kentucky,2019,0.08684931506849315,28.24931506849315,13.284931506849315,15.164383561643836
kentucky,2020,0.0912568306010929,27.5,13.319672131147541,16.049180327868854
kentucky,2021,0.423013698630137,26.56986301369863,13.035616438356165,16.13972602739726
kentucky,2022,0.7282191780821918,26.96164383561644,13.30958904109589,15.616438356164384
kentucky,2023,0.08651685393258428,34.17977528089887,17.786516853932586,17.134831460674157
louisiana,2010,3.2802739726027395,17.21095890410959,7.610958904109589,12.753424657534246
louisiana,2011,3.3627397260273977,16.827397260273973,7.758904109589041,13.186301369863013
louisiana,2012,2.2969945355191257,18.75136612021858,9.210382513661202,13.218579234972678
louisiana,2013,3.0534246575342467,16.24109589041096,6.641095890410959,13.361643835616439
louisiana,2014,2.9013698630136986,15.487671232876712,5.991780821917808,13.323287671232876
louisiana,2015,3.7591780821917804,17.583561643835615,8.013698630136986,14.975342465753425
louisiana,2016,2.702185792349727,18.133879781420767,9.0,14.289617486338798
louisiana,2017,3.030958904109589,18.45205479452055,8.698630136986301,13.994520547945205
louisiana,2018,3.675890410958904,16.915068493150685,7.920547945205479,13.136986301369863
louisiana,2019,3.781369863013699,16.487671232876714,7.553424657534246,13.38082191780822
louisiana,2020,3.2030054644808743,16.871584699453553,8.174863387978142,13.584699453551913
louisiana,2021,4.033150684931506,17.564383561643837,8.627397260273973,13.868493150684932
louisiana,2022,2.924109589041096,17.832876712328765,7.35068493150685,14.383561643835616
louisiana,2023,2.859550561797753,8.98876404494382,-0.5168539325842697,16.314606741573034
maine,2010,1.375068493150685,37.172602739726024,23.35890410958904,11.183561643835617
maine,2011,0.9780821917808219,36.68767123287671,23.638356164383563,14.134246575342466
maine,2012,0.7901639344262295,36.42622950819672,23.953551912568305,14.44535519125683
maine,2013,0.4873972602739726,37.172602739726024,24.5013698630137,14.082191780821917
maine,2014,0.7756164383561645,36.81095890410959,24.473972602739725,14.213698630136987
maine,2015,0.7191780821917808,36.48219178082192,23.65753424657534,14.495890410958904
maine,2016,0.9355191256830601,36.778688524590166,24.10928961748634,14.19672131147541
maine,2017,0.6846575342465754,36.36986301369863,23.863013698630137,14.468493150684932
maine,2018,0.8345205479452056,35.9972602739726,23.802739726027397,13.479452054794521
maine,2019,0.6638356164383562,35.69315068493151,23.972602739726028,14.180821917808219
maine,2020,0.9448087431693989,35.612021857923494,23.316939890710383,15.319672131147541
maine,2021,0.9027397260273973,36.02191780821918,23.252054794520546,15.128767123287671
maine,2022,0.9769863013698631,35.172602739726024,22.506849315068493,15.512328767123288
maine,2023,0.0,34.53932584269663,19.53932584269663,17.337078651685392
maryland,2010,2.9895890410958907,18.73972602739726,9.076712328767123,11.67945205479452
maryland,2011,3.7523287671232874,18.254794520547946,9.082191780821917,12.093150684931507
maryland,2012,2.9404371584699454,19.96448087431694,10.448087431693988,12.07103825136612
maryland,2013,3.020821917808219,17.334246575342465,8.0,12.043835616438356
maryland,2014,3.124383561643836,17.01095890410959,7.410958904109589,12.052054794520547
maryland,2015,4.637260273972602,18.471232876712328,9.301369863013699,13.32054794520548
maryland,2016,3.329234972677596,18.80054644808743,10.046448087431694,12.631147540983607
maryland,2017,3.467123287671233,19.50958904109589,10.257534246575343,12.093150684931507
maryland,2018,4.080547945205479,18.643835616438356,9.8,11.219178082191782
maryland,2019,4.145753424657534,18.32054794520548,9.43013698630137,12.479452054794521
maryland,2020,4.31639344262295,18.398907103825138,10.21311475409836,12.513661202185792
maryland,2021,3.3652054794520545,19.2,10.326027397260274,12.608219178082193
maryland,2022,2.9452054794520546,19.22739726027397,9.09041095890411,13.027397260273972
maryland,2023,4.037078651685394,10.685393258426966,1.6741573033707866,14.651685393258427
massachusetts,2010,3.665753424657534,14.684931506849315,6.402739726027397,14.01095890410959
massachusetts,2011,3.983013698630137,14.052054794520547,5.536986301369863,12.35890410958904
massachusetts,2012,2.680327868852459,15.16120218579235,6.590163934426229,11.808743169398907
massachusetts,2013,3.0871232876712327,13.978082191780821,5.158904109589041,12.580821917808219
massachusetts,2014,3.1673972602739724,13.413698630136986,4.6219178082191785,12.526027397260274
massachusetts,2015,2.6967123287671235,14.276712328767124,4.868493150684931,10.054794520547945
massachusetts,2016,2.418306010928962,15.128415300546449,6.120218579234972,10.385245901639344
massachusetts,2017,3.2090410958904108,14.783561643835617,5.997260273972603,10.506849315068493
massachusetts,2018,3.915890410958904,14.860273972602739,6.457534246575342,10.789041095890411
massachusetts,2019,3.786849315068493,14.397260273972602,5.66027397260274,11.246575342465754
massachusetts,2020,3.0204918032786887,15.185792349726777,6.69672131147541,11.360655737704919
massachusetts,2021,3.3147945205479457,15.194520547945206,6.673972602739726,11.024657534246575
massachusetts,2022,2.8123287671232875,16.03013698630137,5.917808219178082,11.824657534246576
massachusetts,2023,3.2988764044943824,5.910112359550562,-2.2247191011235956,12.157303370786517
michigan,2010,3.0284931506849317,14.46027397260274,7.049315068493151,13.572602739726028
michigan,2011,3.2408219178082196,13.556164383561644,6.468493150684932,14.139726027397261
michigan,2012,2.2702185792349727,15.609289617486338,8.062841530054644,14.37704918032787
michigan,2013,3.2624657534246575,13.150684931506849,5.608219178082192,14.506849315068493
michigan,2014,2.9684931506849317,11.975342465753425,4.227397260273973,14.243835616438357
michigan,2015,2.8282191780821915,13.830136986301369,6.295890410958904,16.15890410958904
michigan,2016,3.1549180327868855,14.426229508196721,7.341530054644808,15.636612021857923
michigan,2017,3.4197260273972603,14.443835616438356,7.317808219178082,15.663013698630136
michigan,2018,3.612876712328767,13.43013698630137,6.558904109589041,14.882191780821918
michigan,2019,3.8205479452054796,13.210958904109589,5.926027397260274,15.246575342465754
michigan,2020,2.90655737704918,13.87431693989071,7.090163934426229,15.519125683060109
michigan,2021,3.4391780821917806,14.284931506849315,7.682191780821918,15.43013698630137
michigan,2022,2.74986301369863,14.312328767123288,6.391780821917808,16.427397260273974
michigan,2023,2.9213483146067416,5.404494382022472,-1.4606741573033708,17.9438202247191
minnesota,2010,3.0558904109589045,12.846575342465753,3.9123287671232876,12.673972602739726
minnesota,2011,2.178356164383562,11.93972602739726,3.287671232876712,12.334246575342465
minnesota,2012,2.127049180327869,14.521857923497267,5.183060109289618,12.724043715846994
minnesota,2013,3.1558904109589045,10.961643835616439,1.9945205479452055,12.901369863013699
minnesota,2014,3.0399999999999996,10.197260273972603,1.158904109589041,13.128767123287671
minnesota,2015,2.9027397260273973,13.098630136986301,3.884931506849315,15.01917808219178
minnesota,2016,3.386338797814208,12.994535519125684,4.530054644808743,14.021857923497267
minnesota,2017,3.084931506849315,12.572602739726028,3.9753424657534246,13.457534246575342
minnesota,2018,3.798356164383562,11.608219178082193,3.0876712328767124,12.169863013698631
minnesota,2019,4.235616438356164,10.917808219178083,2.536986301369863,12.287671232876713
minnesota,2020,2.7158469945355193,12.281420765027322,3.920765027322404,13.341530054644808
minnesota,2021,2.851232876712329,13.632876712328768,4.632876712328767,12.375342465753425
minnesota,2022,2.63041095890411,12.191780821917808,2.5205479452054793,14.035616438356165
minnesota,2023,2.6876404494382022,0.20224719101123595,-7.651685393258427,13.47191011235955
mississippi,2010,3.256164383561644,22.90958904109589,11.964383561643835,10.758904109589041
mississippi,2011,4.210410958904109,23.2,12.301369863013699,11.378082191780821
mississippi,2012,4.081147540983607,23.825136612021858,13.273224043715848,10.980874316939891
mississippi,2013,4.744931506849316,21.972602739726028,11.827397260273973,11.126027397260273
mississippi,2014,3.7947945205479447,22.12876712328767,11.471232876712328,11.01095890410959
mississippi,2015,4.704657534246575,23.08219178082192,13.243835616438357,9.893150684931507
mississippi,2016,3.5199453551912567,24.147540983606557,13.639344262295081,9.789617486338798
mississippi,2017,4.521095890410959,23.52054794520548,13.6,9.791780821917808
mississippi,2018,5.126575342465753,23.08219178082192,13.276712328767124,9.668493150684931
mississippi,2019,5.420821917808219,23.46849315068493,13.347945205479451,9.63013698630137
mississippi,2020,5.499726775956284,22.898907103825138,13.415300546448087,10.207650273224044
mississippi,2021,4.754520547945205,22.646575342465752,13.147945205479452,9.975342465753425
mississippi,2022,3.6441095890410957,24.18904109589041,12.723287671232876,10.482191780821918
mississippi,2023,5.724719101123595,17.820224719101123,7.685393258426966,12.584269662921349
missouri,2010,2.5736986301369864,25.660273972602738,16.38082191780822,10.824657534246576
missouri,2011,1.5671232876712329,26.90958904109589,16.898630136986302,12.580821917808219
missouri,2012,3.236612021857923,26.715846994535518,17.75136612021858,11.502732240437158
missouri,2013,2.5076712328767123,25.915068493150685,16.375342465753423,12.052054794520547
missouri,2014,2.8380821917808223,25.23013698630137,16.043835616438358,11.964383561643835
missouri,2015,3.8978082191780823,25.9013698630137,17.46849315068493,12.452054794520548
missouri,2016,4.034426229508196,26.278688524590162,18.101092896174862,11.792349726775956
missouri,2017,4.8432876712328765,26.471232876712328,18.40821917808219,12.276712328767124
missouri,2018,5.274794520547945,25.621917808219177,17.975342465753425,11.835616438356164
missouri,2019,3.5509589041095886,25.84109589041096,17.947945205479453,12.726027397260275
missouri,2020,3.2278688524590167,26.683060109289617,18.975409836065573,13.087431693989071
missouri,2021,4.170410958904109,25.715068493150685,18.153424657534245,12.383561643835616
missouri,2022,2.752328767123288,27.197260273972603,17.484931506849314,13.326027397260274
missouri,2023,2.5887640449438205,22.1123595505618,13.03370786516854,14.719101123595506
montana,2010,1.6476712328767122,16.87945205479452,7.583561643835616,9.375342465753425
montana,2011,0.783013698630137,17.28219178082192,7.279452054794521,9.032876712328767
montana,2012,1.3852459016393444,17.920765027322403,8.013661202185792,9.494535519125684
montana,2013,1.4197260273972605,18.39178082191781,8.378082191780821,9.273972602739725
montana,2014,2.28986301369863,17.4986301369863,8.30958904109589,8.706849315068494
montana,2015,1.4443835616438356,18.736986301369864,9.276712328767124,10.668493150684931
montana,2016,1.6207650273224046,18.407103825136613,8.737704918032787,10.5
montana,2017,1.5257534246575342,18.424657534246574,8.558904109589042,10.69041095890411
montana,2018,1.4761643835616438,18.306849315068494,9.347945205479451,10.04931506849315
montana,2019,1.2841095890410958,19.45205479452055,10.035616438356165,10.449315068493151
montana,2020,1.3592896174863387,19.12295081967213,9.76775956284153,10.885245901639344
montana,2021,1.4989041095890412,18.56986301369863,9.043835616438356,11.246575342465754
montana,2022,1.4734246575342465,20.26027397260274,9.67945205479452,10.75068493150685
montana,2023,1.303370786516854,11.213483146067416,3.359550561797753,12.303370786516854
nebraska,2010,3.2578082191780817,15.684931506849315,5.964383561643835,13.761643835616438
nebraska,2011,2.64986301369863,15.810958904109588,6.2465753424657535,14.01095890410959
nebraska,2012,2.2775956284153005,18.37431693989071,8.191256830601093,13.937158469945356
nebraska,2013,2.8257534246575347,15.317808219178081,5.531506849315068,13.87945205479452
nebraska,2014,2.746849315068493,15.013698630136986,5.145205479452055,13.926027397260274
nebraska,2015,3.252054794520548,17.183561643835617,7.3123287671232875,15.676712328767124
nebraska,2016,3.08551912568306,17.62295081967213,7.9890710382513666,15.114754098360656
nebraska,2017,2.947945205479452,17.43013698630137,7.572602739726028,14.567123287671233
nebraska,2018,3.578082191780822,15.715068493150685,6.304109589041096,13.832876712328767
nebraska,2019,4.061643835616438,14.95890410958904,5.813698630136987,15.509589041095891
nebraska,2020,2.812568306010929,16.218579234972676,7.1502732240437155,15.513661202185792
nebraska,2021,2.73013698630137,17.46849315068493,7.901369863013699,15.73150684931507
nebraska,2022,2.0224657534246577,17.852054794520548,6.635616438356164,17.046575342465754
nebraska,2023,1.853932584269663,6.101123595505618,-3.651685393258427,16.651685393258425
nevada,2010,12.443013698630136,22.673972602739727,14.665753424657535,3.452054794520548
nevada,2011,13.223561643835618,22.12876712328767,13.887671232876713,3.4794520547945207
nevada,2012,7.9005464480874315,23.07103825136612,14.019125683060109,3.710382513661202
nevada,2013,7.6476712328767125,23.27123287671233,14.271232876712329,3.747945205479452
nevada,2014,6.4180821917808215,23.646575342465752,14.32054794520548,3.8054794520547945
nevada,2015,5.7654794520547945,23.08219178082192,14.12054794520548,3.4356164383561643
nevada,2016,6.527322404371585,22.62295081967213,14.172131147540984,3.1065573770491803
nevada,2017,6.675068493150685,22.306849315068494,13.876712328767123,2.852054794520548
nevada,2018,5.836164383561643,22.846575342465755,13.906849315068493,2.9863013698630136
nevada,2019,5.874520547945205,23.008219178082193,14.378082191780821,3.287671232876712
nevada,2020,7.580054644808744,21.959016393442624,13.956284153005464,3.248633879781421
nevada,2021,6.972328767123288,21.350684931506848,13.495890410958904,3.1506849315068495
nevada,2022,6.675068493150685,20.824657534246576,13.391780821917807,3.084931506849315
nevada,2023,11.182022471910113,19.8876404494382,11.370786516853933,3.348314606741573
new%20hampshire,2010,2.677808219178082,15.473972602739726,6.183561643835616,13.12054794520548
new%20hampshire,2011,4.339178082191781,14.857534246575343,6.257534246575342,13.394520547945206
new%20hampshire,2012,2.8950819672131147,16.183060109289617,7.2896174863387975,13.218579234972678
new%20hampshire,2013,3.578082191780822,14.139726027397261,5.47945205479452,13.30958904109589
new%20hampshire,2014,2.7386301369863015,13.484931506849316,4.235616438356164,13.27945205479452
new%20hampshire,2015,3.5879452054794516,15.057534246575342,6.287671232876712,15.293150684931506
new%20hampshire,2016,3.1740437158469947,15.718579234972678,7.117486338797814,14.857923497267759
new%20hampshire,2017,3.6131506849315067,15.471232876712328,7.079452054794521,14.498630136986302
new%20hampshire,2018,4.304931506849315,14.802739726027397,6.572602739726028,13.87945205479452
new%20hampshire,2019,3.4805479452054797,14.884931506849314,6.263013698630137,14.926027397260274
new%20hampshire,2020,3.125956284153005,15.0,6.885245901639344,15.169398907103826
new%20hampshire,2021,3.2531506849315073,15.383561643835616,7.260273972602739,14.865753424657534
new%20hampshire,2022,2.6745205479452054,15.515068493150684,6.024657534246575,15.668493150684931
new%20hampshire,2023,4.202247191011236,7.606741573033708,-0.9887640449438202,18.39325842696629
new%20jersey,2010,3.3742465753424655,16.71780821917808,9.147945205479452,12.975342465753425
new%20jersey,2011,4.611780821917808,15.827397260273973,9.093150684931507,12.726027397260275
new%20jersey,2012,2.8314207650273224,16.650273224043715,10.057377049180328,13.062841530054644
new%20jersey,2013,3.183287671232877,15.347945205479451,8.490410958904109,13.580821917808219
new%20jersey,2014,3.0769863013698626,14.706849315068494,7.635616438356164,13.304109589041095
new%20jersey,2015,2.9934246575342462,15.846575342465753,8.871232876712329,14.446575342465753
new%20jersey,2016,2.948087431693989,16.404371584699454,9.743169398907105,14.743169398907105
new%20jersey,2017,3.6575342465753424,16.273972602739725,10.024657534246575,14.413698630136986
new%20jersey,2018,4.583561643835616,16.424657534246574,10.419178082191781,13.96986301369863
new%20jersey,2019,3.735068493150685,16.161643835616438,10.164383561643836,13.780821917808218
new%20jersey,2020,3.9519125683060112,17.26502732240437,10.956284153005464,14.584699453551913
new%20jersey,2021,3.780821917808219,17.063013698630137,10.479452054794521,13.438356164383562
new%20jersey,2022,2.9221917808219176,17.19178082191781,9.668493150684931,14.169863013698631
new%20jersey,2023,3.3022471910112356,8.898876404494382,1.7303370786516854,15.235955056179776
new%20mexico,2010,2.4802739726027396,20.67945205479452,10.89041095890411,6.964383561643835
new%20mexico,2011,2.3386301369863016,21.126027397260273,10.41095890410959,7.073972602739726
new%20mexico,2012,1.9740437158469946,21.42622950819672,10.1448087431694,7.10655737704918
new%20mexico,2013,2.0019178082191784,22.364383561643837,10.70958904109589,7.241095890410959
new%20mexico,2014,1.832876712328767,22.589041095890412,11.156164383561643,7.071232876712329
new%20mexico,2015,1.9287671232876713,22.378082191780823,10.789041095890411,7.284931506849315
new%20mexico,2016,2.2598360655737704,22.633879781420767,10.920765027322405,7.584699453551913
new%20mexico,2017,1.726849315068493,23.197260273972603,11.421917808219177,8.205479452054794
new%20mexico,2018,1.1816438356164385,23.53150684931507,11.493150684931507,9.616438356164384
new%20mexico,2019,0.7342465753424657,24.583561643835615,11.994520547945205,9.583561643835617
new%20mexico,2020,2.5636612021857923,22.256830601092897,11.532786885245901,8.281420765027322
new%20mexico,2021,2.677808219178082,21.372602739726027,10.64109589041096,8.583561643835617
new%20mexico,2022,3.032054794520548,21.517808219178082,10.515068493150684,8.789041095890411
new%20mexico,2023,2.333707865168539,31.629213483146067,16.820224719101123,9.359550561797754
new%20york,2010,3.3624657534246576,16.493150684931507,8.786301369863013,13.75068493150685
new%20york,2011,4.572602739726028,15.712328767123287,8.904109589041095,13.506849315068493
new%20york,2012,2.7997267759562843,16.75136612021858,9.885245901639344,13.819672131147541
new%20york,2013,3.2315068493150685,15.24931506849315,8.334246575342465,14.391780821917807
new%20york,2014,3.1038356164383565,14.597260273972603,7.53972602739726,14.098630136986301
new%20york,2015,3.0084931506849313,15.63013698630137,8.687671232876712,14.873972602739727
new%20york,2016,3.04535519125683,16.26775956284153,9.633879781420765,15.26775956284153
new%20york,2017,3.6454794520547944,16.07123287671233,9.704109589041096,15.172602739726027
new%20york,2018,4.427123287671233,16.15068493150685,9.936986301369863,14.843835616438357
new%20york,2019,3.667945205479452,15.830136986301369,9.706849315068494,14.786301369863013
new%20york,2020,3.7811475409836066,16.80327868852459,10.297814207650273,15.631147540983607
new%20york,2021,3.7315068493150685,16.65205479452055,9.906849315068493,14.698630136986301
new%20york,2022,2.9257534246575343,16.81095890410959,9.512328767123288,15.345205479452055
new%20york,2023,3.2191011235955056,8.786516853932584,1.4606741573033708,16.741573033707866
north%20carolina,2010,3.1523287671232874,20.386301369863013,9.767123287671232,10.561643835616438
north%20carolina,2011,2.80027397260274,21.197260273972603,10.391780821917807,10.76986301369863
north%20carolina,2012,2.4915300546448087,21.363387978142075,10.887978142076502,10.721311475409836
north%20carolina,2013,3.718356164383562,19.53698630136986,9.7013698630137,11.0
north%20carolina,2014,2.7958904109589042,19.767123287671232,9.257534246575343,10.76986301369863
north%20carolina,2015,3.4123287671232876,20.876712328767123,10.780821917808218,8.67123287671233
north%20carolina,2016,3.116120218579235,21.081967213114755,10.96174863387978,8.688524590163935
north%20carolina,2017,3.186849315068493,21.23835616438356,10.967123287671233,8.69041095890411
north%20carolina,2018,4.608493150684931,20.484931506849314,10.876712328767123,8.616438356164384
north%20carolina,2019,3.0517808219178084,21.50958904109589,11.276712328767124,9.452054794520548
north%20carolina,2020,5.285792349726775,20.311475409836067,11.325136612021858,10.333333333333334
north%20carolina,2021,2.924931506849315,21.221917808219178,10.986301369863014,9.95890410958904
north%20carolina,2022,2.983835616438356,21.34794520547945,10.383561643835616,10.301369863013699
north%20carolina,2023,2.7887640449438202,14.865168539325843,4.876404494382022,12.269662921348315
north%20dakota,2010,3.266301369863014,13.446575342465753,4.50958904109589,13.07123287671233
north%20dakota,2011,2.3084931506849315,12.643835616438356,4.002739726027397,12.852054794520548
north%20dakota,2012,1.9844262295081967,14.94535519125683,5.833333333333333,13.16120218579235
north%20dakota,2013,3.0112328767123286,11.693150684931506,2.7205479452054795,13.375342465753425
north%20dakota,2014,3.0794520547945203,10.523287671232877,1.4684931506849315,13.520547945205479
north%20dakota,2015,3.1509589041095887,13.375342465753425,4.326027397260274,15.054794520547945
north%20dakota,2016,2.8980874316939893,13.584699453551913,5.112021857923497,14.330601092896174
north%20dakota,2017,2.91013698630137,13.38082191780822,4.786301369863014,14.06027397260274
north%20dakota,2018,4.132054794520548,12.36986301369863,4.112328767123287,13.112328767123287
north%20dakota,2019,3.77972602739726,11.556164383561644,3.0794520547945203,12.778082191780822
north%20dakota,2020,2.9978142076502734,12.724043715846994,4.415300546448087,13.480874316939891
north%20dakota,2021,2.3895890410958907,14.03013698630137,5.073972602739726,13.191780821917808
north%20dakota,2022,2.432054794520548,12.684931506849315,2.9726027397260273,13.884931506849314
north%20dakota,2023,2.6370786516853935,1.9101123595505618,-6.258426966292135,14.865168539325843
ohio,2010,3.3868493150684933,14.728767123287671,5.504109589041096,13.463013698630137
ohio,2011,3.0884931506849314,13.986301369863014,5.358904109589041,13.493150684931507
ohio,2012,2.416393442622951,16.150273224043715,6.685792349726776,13.412568306010929
ohio,2013,3.3046575342465756,13.2986301369863,4.052054794520548,13.632876712328768
ohio,2014,3.043013698630137,12.473972602739726,3.0054794520547947,13.789041095890411
ohio,2015,3.7457534246575346,14.452054794520548,5.131506849315069,15.983561643835616
ohio,2016,2.8079234972677596,15.030054644808743,6.333333333333333,14.76775956284153
ohio,2017,3.4126027397260272,14.876712328767123,5.994520547945205,14.556164383561644
ohio,2018,4.004109589041096,13.789041095890411,5.082191780821918,13.767123287671232
ohio,2019,4.303561643835616,13.271232876712329,4.515068493150685,14.7013698630137
ohio,2020,3.0901639344262297,14.379781420765028,5.830601092896175,14.912568306010929
ohio,2021,2.732876712328767,15.095890410958905,6.153424657534247,14.810958904109588
ohio,2022,2.3202739726027395,14.783561643835617,4.821917808219178,15.923287671232877
ohio,2023,3.395505617977528,4.382022471910112,-3.640449438202247,16.764044943820224
oklahoma,2010,2.1531506849315067,21.627397260273973,11.273972602739725,15.306849315068494
oklahoma,2011,1.9347945205479453,22.583561643835615,11.706849315068494,16.375342465753423
oklahoma,2012,1.9346994535519126,23.079234972677597,12.781420765027322,16.01366120218579
oklahoma,2013,3.0134246575342467,20.813698630136987,10.312328767123288,15.827397260273973
oklahoma,2014,2.0534246575342467,21.052054794520547,10.383561643835616,16.323287671232876
oklahoma,2015,3.7421917808219183,22.019178082191782,12.07945205479452,17.01095890410959
oklahoma,2016,2.249726775956284,22.87704918032787,12.778688524590164,17.256830601092897
oklahoma,2017,3.0994520547945204,22.476712328767125,12.38082191780822,17.005479452054793
oklahoma,2018,3.0273972602739727,21.504109589041096,11.791780821917808,17.02191780821918
oklahoma,2019,3.746027397260274,21.167123287671235,11.53972602739726,17.767123287671232
oklahoma,2020,3.058743169398907,21.860655737704917,12.207650273224044,17.868852459016395
oklahoma,2021,2.8284931506849316,22.252054794520546,12.345205479452055,18.101369863013698
oklahoma,2022,2.11013698630137,24.095890410958905,12.112328767123287,18.65205479452055
oklahoma,2023,1.6629213483146068,15.539325842696629,3.831460674157303,19.865168539325843
oregon,2010,4.158082191780822,15.564383561643835,6.178082191780822,8.772602739726027
oregon,2011,3.403013698630137,15.087671232876712,5.336986301369863,7.841095890410959
oregon,2012,4.496174863387978,15.956284153005464,6.0109289617486334,8.418032786885245
oregon,2013,2.4005479452054796,16.23835616438356,6.054794520547945,7.1808219178082195
oregon,2014,3.664657534246575,17.216438356164385,7.189041095890411,8.482191780821918
oregon,2015,3.401095890410959,18.073972602739726,7.63013698630137,6.383561643835616
oregon,2016,3.9696721311475414,16.816939890710383,7.270491803278689,6.69672131147541
oregon,2017,4.322465753424658,16.446575342465753,6.928767123287671,6.931506849315069
oregon,2018,2.8747945205479453,17.4986301369863,8.216438356164383,6.794520547945205
oregon,2019,2.8254794520547946,16.364383561643837,7.36986301369863,7.032876712328767
oregon,2020,3.4557377049180324,16.898907103825138,7.7896174863387975,8.478142076502733
oregon,2021,3.2583561643835615,17.46301369863014,7.657534246575342,8.416438356164383
oregon,2022,3.456164383561644,17.504109589041096,6.956164383561644,7.794520547945205
oregon,2023,4.248314606741573,8.640449438202246,1.1348314606741574,9.0
pennsylvania,2010,3.1509589041095887,14.758904109589041,4.594520547945206,12.654794520547945
pennsylvania,2011,4.354794520547945,14.597260273972603,4.528767123287671,11.136986301369863
pennsylvania,2012,3.010382513661202,15.827868852459016,5.551912568306011,10.71584699453552
pennsylvania,2013,2.5561643835616437,14.128767123287671,4.002739726027397,11.241095890410959
pennsylvania,2014,2.7504109589041095,13.180821917808219,2.8,11.180821917808219
pennsylvania,2015,2.7832876712328765,14.484931506849316,4.1068493150684935,8.961643835616439
pennsylvania,2016,2.6240437158469945,15.174863387978142,5.128415300546448,9.319672131147541
pennsylvania,2017,3.1030136986301367,14.736986301369862,5.205479452054795,9.131506849315068
pennsylvania,2018,5.159452054794521,13.972602739726028,5.06027397260274,8.915068493150685
pennsylvania,2019,3.435342465753425,14.435616438356165,4.684931506849315,9.402739726027397
pennsylvania,2020,3.00327868852459,14.73224043715847,5.724043715846994,9.674863387978142
pennsylvania,2021,3.0232876712328767,14.687671232876712,5.69041095890411,8.956164383561644
pennsylvania,2022,2.9197260273972603,14.797260273972602,4.13972602739726,9.463013698630137
pennsylvania,2023,2.758426966292135,6.741573033707865,-2.044943820224719,11.573033707865168
rhode%20island,2010,3.547945205479452,14.893150684931507,7.457534246575342,14.397260273972602
rhode%20island,2011,3.6824657534246574,14.156164383561643,6.898630136986301,13.512328767123288
rhode%20island,2012,2.6049180327868853,15.09016393442623,7.871584699453552,13.330601092896174
rhode%20island,2013,3.0978082191780825,13.854794520547944,6.586301369863014,14.04931506849315
rhode%20island,2014,3.296712328767123,13.4,6.013698630136986,14.068493150684931
rhode%20island,2015,2.7843835616438355,14.128767123287671,6.328767123287672,15.158904109589042
rhode%20island,2016,2.790710382513661,14.844262295081966,7.199453551912568,14.986338797814208
rhode%20island,2017,3.6104109589041093,14.446575342465753,7.1808219178082195,13.827397260273973
rhode%20island,2018,3.9542465753424656,14.654794520547945,7.323287671232877,12.558904109589042
rhode%20island,2019,3.9912328767123286,14.301369863013699,6.780821917808219,12.457534246575342
rhode%20island,2020,3.399726775956284,15.748633879781421,8.404371584699453,12.726775956284152
rhode%20island,2021,3.3936986301369862,15.693150684931506,7.898630136986301,11.76986301369863
rhode%20island,2022,2.8917808219178083,16.328767123287673,7.3561643835616435,12.504109589041096
rhode%20island,2023,3.6146067415730334,7.50561797752809,-0.2247191011235955,13.415730337078651
south%20carolina,2010,2.703835616438356,23.06027397260274,11.35890410958904,9.520547945205479
south%20carolina,2011,2.4131506849315065,22.59178082191781,10.830136986301369,9.323287671232876
south%20carolina,2012,2.1478142076502733,23.26502732240437,11.316939890710383,9.390710382513662
south%20carolina,2013,1.9413698630136986,23.55068493150685,11.498630136986302,9.41095890410959
south%20carolina,2014,2.2616438356164386,23.12876712328767,11.057534246575342,9.117808219178082
south%20carolina,2015,1.4438356164383561,24.884931506849316,12.435616438356165,10.479452054794521
south%20carolina,2016,2.198087431693989,24.131147540983605,12.084699453551913,9.841530054644808
south%20carolina,2017,2.2945205479452055,23.64109589041096,11.643835616438356,10.052054794520547
south%20carolina,2018,1.803835616438356,24.353424657534248,12.194520547945206,10.561643835616438
south%20carolina,2019,2.35013698630137,24.942465753424656,12.498630136986302,11.764383561643836
south%20carolina,2020,2.060109289617486,23.814207650273225,12.05464480874317,12.26775956284153
south%20carolina,2021,2.3589041095890413,24.073972602739726,11.92876712328767,12.56986301369863
south%20carolina,2022,2.562191780821918,24.17808219178082,11.978082191780821,11.663013698630136
south%20carolina,2023,2.8348314606741574,28.235955056179776,14.775280898876405,12.02247191011236
south%20dakota,2010,2.8219178082191783,11.931506849315069,2.8657534246575342,14.131506849315068
south%20dakota,2011,2.1693150684931504,11.175342465753424,2.43013698630137,14.64931506849315
south%20dakota,2012,2.4281420765027324,13.592896174863387,4.314207650273224,14.314207650273223
south%20dakota,2013,2.203287671232877,10.04109589041096,0.5287671232876713,14.375342465753425
south%20dakota,2014,1.8789041095890409,10.252054794520548,0.6356164383561644,15.578082191780823
south%20dakota,2015,1.9808219178082191,13.36986301369863,3.756164383561644,17.76986301369863
south%20dakota,2016,2.314754098360656,13.12295081967213,4.090163934426229,16.685792349726775
south%20dakota,2017,2.2,12.860273972602739,3.389041095890411,15.676712328767124
south%20dakota,2018,2.253150684931507,11.246575342465754,2.117808219178082,14.789041095890411
south%20dakota,2019,2.7794520547945205,9.10958904109589,0.7917808219178082,15.04931506849315
south%20dakota,2020,1.6849726775956286,11.666666666666666,2.8224043715846996,15.382513661202186
south%20dakota,2021,1.9336986301369863,13.347945205479451,4.101369863013699,15.0
south%20dakota,2022,1.7002739726027398,11.391780821917807,1.1342465753424658,16.542465753424658
south%20dakota,2023,1.2887640449438202,-4.044943820224719,-13.640449438202246,14.134831460674157
tennessee,2010,3.3271232876712333,16.0,7.002739726027397,13.520547945205479
tennessee,2011,3.07972602739726,15.663013698630136,7.063013698630137,13.997260273972604
tennessee,2012,2.0448087431693986,17.724043715846996,8.513661202185792,13.80327868852459
tennessee,2013,2.6906849315068495,15.101369863013698,5.868493150684931,13.936986301369863
tennessee,2014,2.685205479452055,14.241095890410959,5.082191780821918,14.167123287671233
tennessee,2015,3.335616438356164,16.4,7.243835616438356,16.03013698630137
tennessee,2016,2.2562841530054643,17.002732240437158,8.333333333333334,15.180327868852459
tennessee,2017,2.794246575342466,17.0,7.917808219178082,14.745205479452055
tennessee,2018,3.2624657534246575,15.726027397260275,6.994520547945205,14.161643835616438
tennessee,2019,3.6945205479452055,15.224657534246575,6.578082191780822,14.602739726027398
tennessee,2020,2.448360655737705,15.76775956284153,7.379781420765028,14.603825136612022
tennessee,2021,3.664657534246575,16.156164383561645,7.808219178082192,14.712328767123287
tennessee,2022,2.4893150684931507,16.493150684931507,6.473972602739726,15.561643835616438
tennessee,2023,2.784269662921348,7.292134831460674,-1.651685393258427,17.39325842696629
texas,2010,2.5816438356164384,24.39178082191781,17.575342465753426,13.575342465753424
texas,2011,1.816986301369863,25.172602739726027,18.13150684931507,15.89041095890411
texas,2012,3.8737704918032785,25.363387978142075,19.08743169398907,14.59016393442623
texas,2013,3.0652054794520547,24.263013698630136,17.736986301369864,15.41095890410959
texas,2014,3.346849315068493,23.9013698630137,17.45205479452055,15.208219178082192
texas,2015,4.502191780821918,24.85753424657534,18.65205479452055,15.427397260273972
texas,2016,4.725136612021858,25.333333333333332,19.524590163934427,15.09016393442623
texas,2017,5.655068493150685,25.45205479452055,19.586301369863012,16.052054794520547
texas,2018,5.482465753424657,24.926027397260274,19.046575342465754,15.443835616438356
texas,2019,4.055616438356164,24.813698630136987,18.704109589041096,14.526027397260274
texas,2020,3.4013661202185794,25.363387978142075,19.308743169398905,14.6775956284153
texas,2021,3.9761643835616436,24.81095890410959,18.65205479452055,13.887671232876713
texas,2022,3.0654794520547948,26.087671232876712,18.186301369863013,14.802739726027397
texas,2023,2.3887640449438203,21.292134831460675,13.55056179775281,15.797752808988765
utah,2010,0.7230136986301369,29.063013698630137,22.583561643835615,19.301369863013697
utah,2011,0.21780821917808219,31.12054794520548,25.24931506849315,20.545205479452054
utah,2012,0.040437158469945354,32.84426229508197,27.718579234972676,22.997267759562842
utah,2013,0.2632876712328767,31.75890410958904,26.2,21.723287671232878
utah,2014,0.2857534246575342,32.78082191780822,27.865753424657534,22.304109589041097
utah,2015,0.14082191780821918,33.00547945205479,27.92876712328767,22.175342465753424
utah,2016,0.47540983606557374,33.10382513661202,28.062841530054644,22.650273224043715
utah,2017,0.07534246575342465,33.156164383561645,28.002739726027396,22.339726027397262
utah,2018,0.2624657534246575,24.397260273972602,17.476712328767125,18.46301369863014
utah,2019,0.28027397260273973,29.561643835616437,23.326027397260273,22.986301369863014
utah,2020,0.48688524590163934,31.868852459016395,27.240437158469945,24.084699453551913
utah,2021,0.6293150684931507,30.46849315068493,24.53150684931507,23.336986301369862
utah,2022,0.5375342465753424,31.512328767123286,25.44109589041096,23.895890410958906
utah,2023,0.04719101123595506,31.02247191011236,24.224719101123597,31.191011235955056
vermont,2010,3.5882191780821917,16.517808219178082,7.205479452054795,13.084931506849315
vermont,2011,3.408493150684931,16.194520547945206,7.298630136986302,13.517808219178082
vermont,2012,2.346448087431694,18.23497267759563,8.71311475409836,13.360655737704919
vermont,2013,3.2600000000000002,15.635616438356164,6.156164383561644,13.487671232876712
vermont,2014,3.0558904109589045,14.72054794520548,5.375342465753425,13.610958904109589
vermont,2015,3.5550684931506846,16.991780821917807,7.589041095890411,15.32876712328767
vermont,2016,2.628688524590164,17.59016393442623,8.540983606557377,14.53551912568306
vermont,2017,3.281643835616438,17.726027397260275,8.2,14.238356164383562
vermont,2018,3.677260273972603,16.334246575342465,7.260273972602739,13.63013698630137
vermont,2019,3.8112328767123285,15.849315068493151,6.920547945205479,13.934246575342465
vermont,2020,3.2950819672131146,16.202185792349727,7.5683060109289615,13.956284153005464
vermont,2021,3.8432876712328765,16.65205479452055,8.065753424657535,14.134246575342466
vermont,2022,2.8153424657534245,17.02191780821918,6.736986301369863,14.819178082191781
vermont,2023,2.803370786516854,8.202247191011235,-0.9887640449438202,16.820224719101123
virginia,2010,2.6780821917808217,18.23835616438356,12.997260273972604,18.041095890410958
virginia,2011,2.8589041095890413,19.46301369863014,13.210958904109589,16.07945205479452
virginia,2012,3.8262295081967217,19.688524590163933,13.748633879781421,16.48087431693989
virginia,2013,3.873150684931507,18.635616438356163,12.704109589041096,16.91780821917808
virginia,2014,3.7306849315068495,18.47945205479452,12.342465753424657,17.13972602739726
virginia,2015,3.5936986301369864,18.72876712328767,13.791780821917808,17.526027397260275
virginia,2016,4.521857923497268,18.737704918032787,13.912568306010929,17.96448087431694
virginia,2017,3.569589041095891,19.03013698630137,14.04931506849315,17.34246575342466
virginia,2018,3.8156164383561646,18.59178082191781,13.621917808219179,17.153424657534245
virginia,2019,3.4224657534246576,19.09041095890411,14.093150684931507,15.632876712328768
virginia,2020,4.272950819672132,19.538251366120218,13.825136612021858,16.669398907103826
virginia,2021,3.313972602739726,19.53150684931507,13.24931506849315,15.668493150684931
virginia,2022,2.722191780821918,19.90958904109589,12.98904109589041,16.30958904109589
virginia,2023,3.0999999999999996,14.07865168539326,6.48314606741573,17.84269662921348
washington,2010,3.201643835616438,18.945205479452056,9.276712328767124,10.802739726027397
washington,2011,3.9005479452054796,18.676712328767124,9.67123287671233,10.654794520547945
washington,2012,2.709289617486339,19.42896174863388,10.336065573770492,10.494535519125684
washington,2013,3.315890410958904,17.80821917808219,8.895890410958904,10.967123287671233
washington,2014,2.822739726027397,17.4027397260274,8.167123287671233,10.791780821917808
washington,2015,2.903561643835616,18.589041095890412,9.435616438356165,11.191780821917808
washington,2016,3.3508196721311476,18.740437158469945,9.765027322404372,11.024590163934427
washington,2017,2.9452054794520546,19.43013698630137,10.556164383561644,10.175342465753424
washington,2018,4.96027397260274,19.04931506849315,10.871232876712329,9.808219178082192
washington,2019,3.26986301369863,19.69041095890411,11.021917808219179,10.183561643835617
washington,2020,4.778142076502732,19.442622950819672,11.426229508196721,10.551912568306012
washington,2021,3.0076712328767123,19.52054794520548,10.58904109589041,9.668493150684931
washington,2022,3.450958904109589,19.326027397260273,9.531506849315068,10.142465753424657
washington,2023,2.3764044943820224,12.404494382022472,3.101123595505618,12.247191011235955
west%20virginia,2010,2.5942465753424657,16.589041095890412,5.7534246575342465,11.101369863013698
west%20virginia,2011,3.318082191780822,17.224657534246575,6.1287671232876715,9.901369863013699
west%20virginia,2012,2.1062841530054643,18.131147540983605,6.806010928961749,9.51639344262295
west%20virginia,2013,2.647123287671233,16.28219178082192,5.421917808219178,9.778082191780822
west%20virginia,2014,2.4043835616438356,15.717808219178082,4.53972602739726,9.610958904109589
west%20virginia,2015,2.7326027397260275,16.991780821917807,5.991780821917808,7.67945205479452
west%20virginia,2016,2.6431693989071037,17.338797814207652,6.579234972677596,8.062841530054644
west%20virginia,2017,2.5473972602739727,17.745205479452054,6.879452054794521,7.865753424657535
west%20virginia,2018,4.295342465753425,16.813698630136987,6.758904109589041,7.619178082191781
west%20virginia,2019,2.9189041095890413,17.7013698630137,6.83013698630137,8.046575342465754
west%20virginia,2020,3.1573770491803277,17.628415300546447,7.475409836065574,8.273224043715848
west%20virginia,2021,2.378082191780822,17.93972602739726,7.306849315068493,7.923287671232877
west%20virginia,2022,2.2936986301369866,17.753424657534246,6.197260273972603,8.334246575342465
west%20virginia,2023,1.8224719101123594,10.898876404494382,0.3258426966292135,10.595505617977528
wisconsin,2010,2.8863013698630136,11.89041095890411,3.4904109589041097,13.504109589041096
wisconsin,2011,2.21013698630137,10.764383561643836,2.506849315068493,13.315068493150685
wisconsin,2012,2.180054644808743,13.081967213114755,4.284153005464481,13.631147540983607
wisconsin,2013,3.0353424657534247,9.73150684931507,1.095890410958904,13.934246575342465
wisconsin,2014,3.0504109589041097,9.03013698630137,0.10410958904109589,14.101369863013698
wisconsin,2015,2.5367123287671234,11.813698630136987,2.9506849315068493,16.742465753424657
wisconsin,2016,2.893169398907104,11.96174863387978,3.73224043715847,15.658469945355192
wisconsin,2017,2.977260273972603,11.487671232876712,2.893150684931507,15.23013698630137
wisconsin,2018,3.012054794520548,10.901369863013699,2.254794520547945,13.668493150684931
wisconsin,2019,3.5726027397260274,9.830136986301369,1.5972602739726027,13.367123287671232
wisconsin,2020,2.9814207650273223,11.240437158469945,3.1448087431693987,14.385245901639344
wisconsin,2021,2.8753424657534246,12.284931506849315,3.728767123287671,13.523287671232877
wisconsin,2022,2.3917808219178083,11.271232876712329,2.0,15.10958904109589
wisconsin,2023,2.6528089887640447,-0.4157303370786517,-7.966292134831461,14.741573033707866
wyoming,2010,2.340547945205479,13.813698630136987,5.531506849315068,12.838356164383562
wyoming,2011,2.9860273972602744,12.93972602739726,4.632876712328767,13.013698630136986
wyoming,2012,2.3950819672131147,14.980874316939891,6.4289617486338795,12.59016393442623
wyoming,2013,3.1079452054794525,12.668493150684931,4.167123287671233,13.317808219178081
wyoming,2014,2.6199999999999997,11.556164383561644,2.8767123287671232,12.865753424657534
wyoming,2015,2.4235616438356167,13.432876712328767,4.652054794520548,15.463013698630137
wyoming,2016,2.81448087431694,14.049180327868852,5.978142076502732,14.568306010928962
wyoming,2017,3.263013698630137,13.761643835616438,5.750684931506849,13.915068493150685
wyoming,2018,2.9745205479452057,13.106849315068493,5.416438356164384,12.758904109589041
wyoming,2019,3.5775342465753424,12.383561643835616,4.64931506849315,14.27945205479452
wyoming,2020,2.738524590163934,13.396174863387978,5.7349726775956285,14.229508196721312
wyoming,2021,2.9065753424657537,14.194520547945206,6.23013698630137,13.531506849315068
wyoming,2022,2.538082191780822,13.775342465753425,4.589041095890411,14.841095890410958
wyoming,2023,2.9191011235955058,3.5168539325842696,-3.157303370786517,16.02247191011236
